url,clicks,impressions,ctr,position,decision,source,caveat
/,7,185,3.78%,17.05,Improve existing,google-search-netofficials.zip / Pages.csv,Performance export is not a crawl or complete URL inventory
/contact,1,24,4.17%,6.17,Improve existing,google-search-netofficials.zip / Pages.csv,Performance export is not a crawl or complete URL inventory
/healthcare-software-development,0,10866,0%,85.75,Conditional existing-page improvement,google-search-netofficials.zip / Pages.csv,Performance export is not a crawl or complete URL inventory
/react-development,0,10560,0%,84.63,Selective existing-page improvement,google-search-netofficials.zip / Pages.csv,Performance export is not a crawl or complete URL inventory
/ar-vr-development,0,6577,0%,75.9,"Retain pending crawl, business-fit, content and backlink review; outside first release",google-search-netofficials.zip / Pages.csv,Performance export is not a crawl or complete URL inventory
/retail-software-development,0,6377,0%,80.86,Conditional existing-page improvement,google-search-netofficials.zip / Pages.csv,Performance export is not a crawl or complete URL inventory
/dedicated-development-teams,0,3843,0%,68.97,"Retain pending crawl, business-fit, content and backlink review; outside first release",google-search-netofficials.zip / Pages.csv,Performance export is not a crawl or complete URL inventory
/custom-software-development,0,1247,0%,74.54,Improve existing,google-search-netofficials.zip / Pages.csv,Performance export is not a crawl or complete URL inventory
/ios-development,0,864,0%,77.36,"Retain pending crawl, business-fit, content and backlink review; outside first release",google-search-netofficials.zip / Pages.csv,Performance export is not a crawl or complete URL inventory
/web-security-services,0,697,0%,52.88,"Retain pending crawl, business-fit, content and backlink review; outside first release",google-search-netofficials.zip / Pages.csv,Performance export is not a crawl or complete URL inventory
/android-development,0,465,0%,58.13,"Retain pending crawl, business-fit, content and backlink review; outside first release",google-search-netofficials.zip / Pages.csv,Performance export is not a crawl or complete URL inventory
/angular-development,0,323,0%,73.3,"Retain pending crawl, business-fit, content and backlink review; outside first release",google-search-netofficials.zip / Pages.csv,Performance export is not a crawl or complete URL inventory
/hire-node-js-developers,0,278,0%,54.12,"Retain pending crawl, business-fit, content and backlink review; outside first release",google-search-netofficials.zip / Pages.csv,Performance export is not a crawl or complete URL inventory
/vue-development,0,266,0%,81.54,"Retain pending crawl, business-fit, content and backlink review; outside first release",google-search-netofficials.zip / Pages.csv,Performance export is not a crawl or complete URL inventory
/hire-react-developers,0,255,0%,58.4,"Retain pending crawl, business-fit, content and backlink review; outside first release",google-search-netofficials.zip / Pages.csv,Performance export is not a crawl or complete URL inventory
/real-estate-software-development,0,188,0%,67.78,"Retain pending crawl, business-fit, content and backlink review; outside first release",google-search-netofficials.zip / Pages.csv,Performance export is not a crawl or complete URL inventory
/hire-python-developers,0,169,0%,30.37,"Retain pending crawl, business-fit, content and backlink review; outside first release",google-search-netofficials.zip / Pages.csv,Performance export is not a crawl or complete URL inventory
/express-js-development,0,133,0%,72.87,"Retain pending crawl, business-fit, content and backlink review; outside first release",google-search-netofficials.zip / Pages.csv,Performance export is not a crawl or complete URL inventory
/hire-full-stack-developers,0,103,0%,30.19,"Retain pending crawl, business-fit, content and backlink review; outside first release",google-search-netofficials.zip / Pages.csv,Performance export is not a crawl or complete URL inventory
/android-app-cost-calculator,0,92,0%,70.65,"Retain pending crawl, business-fit, content and backlink review; outside first release",google-search-netofficials.zip / Pages.csv,Performance export is not a crawl or complete URL inventory
/devops-services,0,86,0%,65.48,"Retain pending crawl, business-fit, content and backlink review; outside first release",google-search-netofficials.zip / Pages.csv,Performance export is not a crawl or complete URL inventory
/startup-development,0,65,0%,50.03,"Retain pending crawl, business-fit, content and backlink review; outside first release",google-search-netofficials.zip / Pages.csv,Performance export is not a crawl or complete URL inventory
/education-software-development,0,61,0%,66.84,"Retain pending crawl, business-fit, content and backlink review; outside first release",google-search-netofficials.zip / Pages.csv,Performance export is not a crawl or complete URL inventory
/about,0,50,0%,10.48,Improve existing,google-search-netofficials.zip / Pages.csv,Performance export is not a crawl or complete URL inventory
/custom-android-development,0,43,0%,72.12,"Retain pending crawl, business-fit, content and backlink review; outside first release",google-search-netofficials.zip / Pages.csv,Performance export is not a crawl or complete URL inventory
/fintech-development,0,39,0%,76.95,"Retain pending crawl, business-fit, content and backlink review; outside first release",google-search-netofficials.zip / Pages.csv,Performance export is not a crawl or complete URL inventory
/hire-developers,0,33,0%,60.85,"Retain pending crawl, business-fit, content and backlink review; outside first release",google-search-netofficials.zip / Pages.csv,Performance export is not a crawl or complete URL inventory
/services,0,24,0%,18.71,Improve existing,google-search-netofficials.zip / Pages.csv,Performance export is not a crawl or complete URL inventory
/terms,0,19,0%,10.84,"Retain pending crawl, business-fit, content and backlink review; outside first release",google-search-netofficials.zip / Pages.csv,Performance export is not a crawl or complete URL inventory
/portfolio,0,18,0%,6.5,Improve existing,google-search-netofficials.zip / Pages.csv,Performance export is not a crawl or complete URL inventory
/flutter-development,0,17,0%,11,"Retain pending crawl, business-fit, content and backlink review; outside first release",google-search-netofficials.zip / Pages.csv,Performance export is not a crawl or complete URL inventory
/index.html,0,17,0%,53.29,Investigate homepage duplicate/canonical/redirect behavior; no migration decision from export alone,google-search-netofficials.zip / Pages.csv,Performance export is not a crawl or complete URL inventory
/ecommerce-development,0,16,0%,8,Improve existing if supported,google-search-netofficials.zip / Pages.csv,Performance export is not a crawl or complete URL inventory
/privacy,0,16,0%,8.31,Review legal-page overlap; preserve required legal content,google-search-netofficials.zip / Pages.csv,Performance export is not a crawl or complete URL inventory
/maintenance-support,0,15,0%,22.67,"Retain pending crawl, business-fit, content and backlink review; outside first release",google-search-netofficials.zip / Pages.csv,Performance export is not a crawl or complete URL inventory
/python-development,0,15,0%,25.27,"Retain pending crawl, business-fit, content and backlink review; outside first release",google-search-netofficials.zip / Pages.csv,Performance export is not a crawl or complete URL inventory
/mvp-development,0,15,0%,29.67,Improve existing if supported,google-search-netofficials.zip / Pages.csv,Performance export is not a crawl or complete URL inventory
/node-js-development,0,12,0%,68.17,"Retain pending crawl, business-fit, content and backlink review; outside first release",google-search-netofficials.zip / Pages.csv,Performance export is not a crawl or complete URL inventory
/qa-testing-services,0,11,0%,41.55,"Review same-intent overlap; merge only after content, query and backlink review",google-search-netofficials.zip / Pages.csv,Performance export is not a crawl or complete URL inventory
/mobile-app-cloud-backend,0,10,0%,37.8,"Retain pending crawl, business-fit, content and backlink review; outside first release",google-search-netofficials.zip / Pages.csv,Performance export is not a crawl or complete URL inventory
/cloud-development,0,8,0%,74.62,"Retain pending crawl, business-fit, content and backlink review; outside first release",google-search-netofficials.zip / Pages.csv,Performance export is not a crawl or complete URL inventory
/api-development,0,7,0%,26.71,"Retain pending crawl, business-fit, content and backlink review; outside first release",google-search-netofficials.zip / Pages.csv,Performance export is not a crawl or complete URL inventory
/mobile-app-development,0,7,0%,29.71,"Retain pending crawl, business-fit, content and backlink review; outside first release",google-search-netofficials.zip / Pages.csv,Performance export is not a crawl or complete URL inventory
/web-development,0,7,0%,36,Improve existing,google-search-netofficials.zip / Pages.csv,Performance export is not a crawl or complete URL inventory
/home,0,6,0%,4.17,Investigate homepage duplicate/canonical/redirect behavior; no migration decision from export alone,google-search-netofficials.zip / Pages.csv,Performance export is not a crawl or complete URL inventory
/saas-development,0,6,0%,18.33,Improve existing if supported,google-search-netofficials.zip / Pages.csv,Performance export is not a crawl or complete URL inventory
/iPhone-ecommerce-app-development,0,6,0%,28.5,"Retain pending crawl, business-fit, content and backlink review; outside first release",google-search-netofficials.zip / Pages.csv,Performance export is not a crawl or complete URL inventory
/ai-development,0,5,0%,14.2,"Retain pending crawl, business-fit, content and backlink review; outside first release",google-search-netofficials.zip / Pages.csv,Performance export is not a crawl or complete URL inventory
/iot-development,0,5,0%,59.2,"Retain pending crawl, business-fit, content and backlink review; outside first release",google-search-netofficials.zip / Pages.csv,Performance export is not a crawl or complete URL inventory
/privacy-policy,0,4,0%,4.5,Review legal-page overlap; preserve required legal content,google-search-netofficials.zip / Pages.csv,Performance export is not a crawl or complete URL inventory
/microservices-architecture,0,4,0%,5.25,"Retain pending crawl, business-fit, content and backlink review; outside first release",google-search-netofficials.zip / Pages.csv,Performance export is not a crawl or complete URL inventory
/blockchain-development,0,4,0%,8.25,"Retain pending crawl, business-fit, content and backlink review; outside first release",google-search-netofficials.zip / Pages.csv,Performance export is not a crawl or complete URL inventory
/react-native-development,0,4,0%,21,"Retain pending crawl, business-fit, content and backlink review; outside first release",google-search-netofficials.zip / Pages.csv,Performance export is not a crawl or complete URL inventory
/backend-development,0,2,0%,10,"Retain pending crawl, business-fit, content and backlink review; outside first release",google-search-netofficials.zip / Pages.csv,Performance export is not a crawl or complete URL inventory
/software-testing-services,0,2,0%,21,"Review same-intent overlap; merge only after content, query and backlink review",google-search-netofficials.zip / Pages.csv,Performance export is not a crawl or complete URL inventory
/index.php,0,1,0%,20,Investigate homepage duplicate/canonical/redirect behavior; no migration decision from export alone,google-search-netofficials.zip / Pages.csv,Performance export is not a crawl or complete URL inventory
/real-time-applications,0,1,0%,43,"Retain pending crawl, business-fit, content and backlink review; outside first release",google-search-netofficials.zip / Pages.csv,Performance export is not a crawl or complete URL inventory
