page_id,priority,phase_days,cluster,url,action,page_type,proposed_title,target_keyword_candidates,evidence_status,example_keyword,example_volume,example_kd,example_competitor,example_competitor_position,gsc_clicks,gsc_impressions,gsc_position,content_scope,publish_gate,release_class,schedule_note
P01,P0,0–30,Foundation,/,Improve existing,Brand + combined proposition,"Software Development, Web Design & Digital Marketing | Netofficials",netofficials; software development and digital marketing company,Editorial candidate; exact phrase metrics not supplied,,,,,,7,185,17.05,"Business overview, India delivery, buyer paths, proof, consultation","Core release: verify actual capabilities, scope and company facts; technical checks complete. Published case studies are optional; every outcome/project claim requires evidence.",Core: can publish accurate offering after technical checks,Standard: four buyer pieces/month; floor: two/month. Priority window subject to capacity and parent-page readiness.
P02,P0,0–30,Foundation,/services,Improve existing,Service directory,"Software, Website & Digital Marketing Services | Netofficials",software and digital marketing services,Editorial candidate; exact phrase metrics not supplied,,,,,,0,24,18.71,Two branches: software/web and search marketing; links to primary services,"Core release: verify actual capabilities, scope and company facts; technical checks complete. Published case studies are optional; every outcome/project claim requires evidence.",Core: can publish accurate offering after technical checks,Standard: four buyer pieces/month; floor: two/month. Priority window subject to capacity and parent-page readiness.
P03,P0,0–30,Foundation,/about,Improve existing,Company verification,"About Netofficials | Team, Experience & Delivery",netofficials team,Editorial candidate; exact phrase metrics not supplied,,,,,,0,50,10.48,"Named team, experience, real location, delivery process","Core release: verify actual capabilities, scope and company facts; technical checks complete. Published case studies are optional; every outcome/project claim requires evidence.",Core: can publish accurate offering after technical checks,Standard: four buyer pieces/month; floor: two/month. Priority window subject to capacity and parent-page readiness.
P04,P0,0–30,Foundation,/contact,Improve existing,Qualified enquiry,"Discuss Your Software, Website or Marketing Project",contact netofficials,Editorial candidate; exact phrase metrics not supplied,,,,,,1,24,6.17,"Service, project goal, country, budget range, timeline; tracked submission","Core release: verify actual capabilities, scope and company facts; technical checks complete. Published case studies are optional; every outcome/project claim requires evidence.",Core: can publish accurate offering after technical checks,Standard: four buyer pieces/month; floor: two/month. Priority window subject to capacity and parent-page readiness.
P05,P0,0–30,Foundation,/portfolio,Improve existing,Proof hub,"Our Work | Software, Websites & Search Marketing",netofficials portfolio,Editorial candidate; exact phrase metrics not supplied,,,,,,0,18,6.5,"Project cards, scope, role, links to detailed case studies",Hold publication until real publishable work and permissions exist; substantiate all outcomes. Launch a smaller site if proof is unavailable.,Requires stated scope/evidence/commercial gate,Standard: four buyer pieces/month; floor: two/month. Priority window subject to capacity and parent-page readiness.
P06,P1,0–30,Software,/custom-software-development,Improve existing,Core service,Custom Software Development Services | Netofficials,custom software development services; custom application development services; custom software development company,Exact phrase observed in supplied competitor Organic export; US database (user confirmed),custom application development services,1900,23,radixweb-semrush.csv,2,0,1247,74.54,"Problems, process, deliverables, integrations, cost factors, proof, estimate CTA","Core release: verify actual capabilities, scope and company facts; technical checks complete. Published case studies are optional; every outcome/project claim requires evidence.",Core: can publish accurate offering after technical checks,Standard: four buyer pieces/month; floor: two/month. Priority window subject to capacity and parent-page readiness.
P07,P1,0–30,Web,/web-development,Improve existing,Core service,Website Development Services | Netofficials,web development services; website development company,Exact phrase observed in supplied competitor Organic export; US database (user confirmed),web development services,12100,47,scnsoft.com-semrush.csv,6,0,7,36,"Business websites, CMS, integrations, performance, launch, support","Core release: verify actual capabilities, scope and company facts; technical checks complete. Published case studies are optional; every outcome/project claim requires evidence.",Core: can publish accurate offering after technical checks,Standard: four buyer pieces/month; floor: two/month. Priority window subject to capacity and parent-page readiness.
P08,P1,31–60,Web,/web-design,Check live inventory; create if absent,Design service,Website Design Services | Netofficials,website design services; web design services,Editorial candidate; exact phrase metrics not supplied,,,,,,,,,"UX, content hierarchy, wireframes, responsive design, conversion paths",Design work and process,Requires stated scope/evidence/commercial gate,Standard: four buyer pieces/month; floor: two/month. Priority window subject to capacity and parent-page readiness.
P09,P1,0–30,SEO,/seo-services,Check live inventory; create if absent,Core service,SEO Services in India for Global Businesses | Netofficials,seo services india; seo company in india; seo services,Exact phrase observed in supplied competitor Organic export; US database (user confirmed),seo company in india,1900,35,rankingbyseo-semrush.csv,3,,,,"Audit, technical/on-page work, content, reporting, realistic outcomes","Core release: verify actual capabilities, scope and company facts; technical checks complete. Published case studies are optional; every outcome/project claim requires evidence.",Core: can publish accurate offering after technical checks,Standard: four buyer pieces/month; floor: two/month. Priority window subject to capacity and parent-page readiness.
P10,P1,0–30,Paid Search,/ppc-services,Check live inventory; create if absent,Core service; SEM and PPC combined,PPC & Search Engine Marketing Services | Netofficials,search engine marketing services india; ppc management services; google ads management services,Exact phrase observed in supplied competitor Organic export; US database (user confirmed),search engine marketing services india,170,10,rankingbyseo-semrush.csv,7,,,,"Account audit, search campaigns, landing pages, tracking, optimization, fee vs ad spend","Core release: verify actual capabilities, scope and company facts; technical checks complete. Published case studies are optional; every outcome/project claim requires evidence.",Core: can publish accurate offering after technical checks,Standard: four buyer pieces/month; floor: two/month. Priority window subject to capacity and parent-page readiness.
P11,P1,31–60,Web,/website-redesign,Check live inventory; create if absent,Specialist service,Website Redesign Services | Netofficials,website redesign services,Exact phrase observed in supplied competitor Organic export; US database (user confirmed),website redesign services,3600,25,scnsoft.com-semrush.csv,9,,,,"Diagnosis, migration protection, design, conversion and launch",Before/after work and migration process,Requires stated scope/evidence/commercial gate,Standard: four buyer pieces/month; floor: two/month. Priority window subject to capacity and parent-page readiness.
P12,P2,61–90,Web,/ecommerce-development,Improve existing if supported,Specialist service,eCommerce Website Development Services | Netofficials,ecommerce website design services; ecommerce development solutions,Exact phrase observed in supplied competitor Organic export; US database (user confirmed),ecommerce development solutions,720,29,scnsoft.com-semrush.csv,4,0,16,8,"Catalog, checkout, payments, integrations, performance, maintenance",Actual ecommerce builds; confirm platforms,Requires stated scope/evidence/commercial gate,Standard: four buyer pieces/month; floor: two/month. Priority window subject to capacity and parent-page readiness.
P13,P2,61–90,Software,/mvp-development,Improve existing if supported,Specialist service,MVP Software Development Services | Netofficials,mvp software development services,Exact phrase observed in supplied competitor Organic export; US database (user confirmed),mvp software development services,880,17,scnsoft.com-semrush.csv,1,0,15,29.67,"Discovery, feature scope, validation, milestones, delivery tradeoffs",MVP project evidence,Requires stated scope/evidence/commercial gate,Standard: four buyer pieces/month; floor: two/month. Priority window subject to capacity and parent-page readiness.
P14,P2,91–180,Software,/saas-development,Improve existing if supported,Specialist service,SaaS Development Services | Netofficials,saas development services; saas software development company,Exact phrase observed in supplied competitor Organic export; US database (user confirmed),saas software development company,880,24,scnsoft.com-semrush.csv,2,0,6,18.33,"Tenancy, subscriptions, onboarding, security and support",SaaS project evidence,Requires stated scope/evidence/commercial gate,Standard: four buyer pieces/month; floor: two/month. Priority window subject to capacity and parent-page readiness.
P15,P2,31–60,SEO,/seo-packages,Check live inventory; create if absent,Commercial pricing,SEO Packages & Engagement Options | Netofficials,seo packages india; seo packages in india,Exact phrase observed in supplied competitor Organic export; US database (user confirmed),seo packages in india,260,16,rankingbyseo-semrush.csv,3,,,,"Scope tiers, exclusions, fees/ranges if approved, reporting, fit",Approved commercial terms,Requires stated scope/evidence/commercial gate,Standard: four buyer pieces/month; floor: two/month. Priority window subject to capacity and parent-page readiness.
P16,P2,61–90,SEO,/technical-seo,Check live inventory; create if absent,Specialist service,Technical SEO Services | Netofficials,technical seo services; technical seo company india,Exact phrase observed in supplied competitor Organic export; US database (user confirmed),technical seo company india,70,24,rankingbyseo-semrush.csv,2,,,,"Crawl/index diagnosis, canonicals, redirects, rendering, performance",Technical audit sample and delivery capability,Requires stated scope/evidence/commercial gate,Standard: four buyer pieces/month; floor: two/month. Priority window subject to capacity and parent-page readiness.
P17,P2,61–90,SEO,/local-seo,Conditional; validate target buyers,Specialist service,Local SEO Services | Netofficials,local seo services,Editorial candidate; exact phrase metrics not supplied,,,,,,,,,"Eligible business profiles, citations, local pages, reviews, measurement",Local business customer demand and results,Requires stated scope/evidence/commercial gate,Standard: four buyer pieces/month; floor: two/month. Priority window subject to capacity and parent-page readiness.
P18,P2,61–90,Paid Search,/ppc-management-pricing,Check live inventory; create if absent,Commercial pricing,PPC Management Pricing & Packages | Netofficials,ppc pricing packages; ppc management pricing packages; ppc services packages,Exact phrase observed in supplied competitor Organic export; US database (user confirmed),ppc pricing packages,170,11,rankingbyseo-semrush.csv,15,,,,"Management fee, setup, ad spend, included channels, reporting",Approved fee structure,Requires stated scope/evidence/commercial gate,Standard: four buyer pieces/month; floor: two/month. Priority window subject to capacity and parent-page readiness.
P19,P2,31–60,Proof,/case-studies,Check live inventory; create if absent,Case study hub,Client Case Studies | Netofficials,netofficials case studies,Editorial candidate; exact phrase metrics not supplied,,,,,,,,,"Software, website and marketing project outcomes with individual pages",Hold publication until real publishable work and permissions exist; substantiate all outcomes. Launch a smaller site if proof is unavailable.,Requires stated scope/evidence/commercial gate,Standard: four buyer pieces/month; floor: two/month. Priority window subject to capacity and parent-page readiness.
P20,P1,31–60,Content,/blog,Check live inventory; create if absent,Content hub,"Software, Websites & Search Marketing Insights",netofficials insights,Editorial candidate; exact phrase metrics not supplied,,,,,,,,,Topic categories tied to active services; author attribution,Named expert reviewers,Requires stated scope/evidence/commercial gate,Standard: four buyer pieces/month; floor: two/month. Priority window subject to capacity and parent-page readiness.
P21,P3,91–180,Software,/react-development,Selective existing-page improvement,Technology page,React Development Services | Netofficials,react development services; react development company,Exact phrase observed in supplied competitor Organic export; US database (user confirmed),react development services,1300,28,radixweb-semrush.csv,14,0,10560,84.63,"Distinct engineering scope, relevant proof, link to web/software services",React delivery proof; do not prioritize on impressions alone,Requires stated scope/evidence/commercial gate,Standard: four buyer pieces/month; floor: two/month. Priority window subject to capacity and parent-page readiness.
P22,P3,91–180,Software,/retail-software-development,Conditional existing-page improvement,Industry page,Retail Software Development | Netofficials,retail software development services,Exact phrase observed in supplied competitor Organic export; US database (user confirmed),retail software development services,1000,19,scnsoft.com-semrush.csv,11,0,6377,80.86,"Retail workflows, integration problems, measurable case",Retail client evidence,Requires stated scope/evidence/commercial gate,Standard: four buyer pieces/month; floor: two/month. Priority window subject to capacity and parent-page readiness.
P23,P3,91–180,Software,/healthcare-software-development,Conditional existing-page improvement,Industry page,Healthcare Software Development | Netofficials,healthcare software development company,Exact phrase observed in supplied competitor Organic export; US database (user confirmed),healthcare software development company,3600,24,scnsoft.com-semrush.csv,1,0,10866,85.75,Actual healthcare workflows and bounded security/compliance claims,Healthcare work and verifiable domain expertise,Requires stated scope/evidence/commercial gate,Standard: four buyer pieces/month; floor: two/month. Priority window subject to capacity and parent-page readiness.
P24,P2,31–60,Software,/blog/custom-software-development-cost,Check live inventory; create if absent,Buyer guide,"Custom Software Development Cost: Scope, Estimates and Tradeoffs",software development cost,Exact phrase observed in supplied competitor Organic export; US database (user confirmed),software development cost,480,36,scnsoft.com-semrush.csv,1,,,,"Answer the buyer question with examples, constraints and a relevant next step; parent: /custom-software-development",Expert review; original examples; validate SERP and target-country demand,Requires stated scope/evidence/commercial gate,Standard: four buyer pieces/month; floor: two/month. Priority window subject to capacity and parent-page readiness.
P25,P2,61–90,Software,/blog/custom-software-vs-off-the-shelf,Check live inventory; create if absent,Buyer guide,Custom Software vs Off-the-Shelf: A Buyer’s Decision Guide,custom software vs off the shelf,Editorial candidate; exact phrase metrics not supplied,,,,,,,,,"Answer the buyer question with examples, constraints and a relevant next step; parent: /custom-software-development",Expert review; original examples; validate SERP and target-country demand,Requires stated scope/evidence/commercial gate,Standard: four buyer pieces/month; floor: two/month. Priority window subject to capacity and parent-page readiness.
P26,P2,61–90,Software,/blog/software-development-project-checklist,Check live inventory; create if absent,Buyer guide,What to Prepare Before Requesting a Software Development Quote,software development requirements checklist,Editorial candidate; exact phrase metrics not supplied,,,,,,,,,"Answer the buyer question with examples, constraints and a relevant next step; parent: /custom-software-development",Expert review; original examples; validate SERP and target-country demand,Requires stated scope/evidence/commercial gate,Standard: four buyer pieces/month; floor: two/month. Priority window subject to capacity and parent-page readiness.
P27,P2,91–180,Software,/blog/software-development-timeline,Check live inventory; create if absent,Buyer guide,What Determines a Custom Software Development Timeline?,software development timeline,Exact phrase observed in supplied competitor Organic export; US database (user confirmed),software development timeline,110,17,radixweb-semrush.csv,19,,,,"Answer the buyer question with examples, constraints and a relevant next step; parent: /custom-software-development",Expert review; original examples; validate SERP and target-country demand,Requires stated scope/evidence/commercial gate,Standard: four buyer pieces/month; floor: two/month. Priority window subject to capacity and parent-page readiness.
P28,P3,91–180,Software,/blog/mvp-development-cost,Check live inventory; create if absent,Buyer guide,MVP Development Cost and Scope Planning,mvp development cost,Editorial candidate; exact phrase metrics not supplied,,,,,,,,,"Answer the buyer question with examples, constraints and a relevant next step; parent: /mvp-development",Expert review; original examples; validate SERP and target-country demand,Requires stated scope/evidence/commercial gate,Standard: four buyer pieces/month; floor: two/month. Priority window subject to capacity and parent-page readiness.
P29,P3,91–180,Software,/blog/mvp-vs-prototype,Check live inventory; create if absent,Buyer guide,MVP vs Prototype vs Proof of Concept,mvp vs prototype,Exact phrase observed in supplied competitor Organic export; US database (user confirmed),mvp vs prototype,140,22,radixweb-semrush.csv,44,,,,"Answer the buyer question with examples, constraints and a relevant next step; parent: /mvp-development",Expert review; original examples; validate SERP and target-country demand,Requires stated scope/evidence/commercial gate,Standard: four buyer pieces/month; floor: two/month. Priority window subject to capacity and parent-page readiness.
P30,P2,61–90,Web,/blog/website-redesign-checklist,Check live inventory; create if absent,Buyer guide,"Website Redesign Checklist: Content, SEO and Launch",website redesign checklist,Editorial candidate; exact phrase metrics not supplied,,,,,,,,,"Answer the buyer question with examples, constraints and a relevant next step; parent: /website-redesign",Expert review; original examples; validate SERP and target-country demand,Requires stated scope/evidence/commercial gate,Standard: four buyer pieces/month; floor: two/month. Priority window subject to capacity and parent-page readiness.
P31,P2,31–60,Web,/blog/website-development-cost-india,Check live inventory; create if absent,Buyer guide,Website Development Cost in India: What Changes the Quote?,website development cost india,Editorial candidate; exact phrase metrics not supplied,,,,,,,,,"Answer the buyer question with examples, constraints and a relevant next step; parent: /web-development",Expert review; original examples; validate SERP and target-country demand,Requires stated scope/evidence/commercial gate,Standard: four buyer pieces/month; floor: two/month. Priority window subject to capacity and parent-page readiness.
P32,P2,91–180,Web,/blog/wordpress-vs-custom-website,Check live inventory; create if absent,Buyer guide,WordPress vs a Custom Website: Choosing for Your Business,wordpress vs custom website,Editorial candidate; exact phrase metrics not supplied,,,,,,,,,"Answer the buyer question with examples, constraints and a relevant next step; parent: /web-development",Expert review; original examples; validate SERP and target-country demand,Requires stated scope/evidence/commercial gate,Standard: four buyer pieces/month; floor: two/month. Priority window subject to capacity and parent-page readiness.
P33,P2,91–180,Web,/blog/website-redesign-seo-migration,Check live inventory; create if absent,Buyer guide,How to Preserve Search Visibility During a Website Redesign,website redesign seo checklist,Editorial candidate; exact phrase metrics not supplied,,,,,,,,,"Answer the buyer question with examples, constraints and a relevant next step; parent: /website-redesign",Expert review; original examples; validate SERP and target-country demand,Requires stated scope/evidence/commercial gate,Standard: four buyer pieces/month; floor: two/month. Priority window subject to capacity and parent-page readiness.
P34,P3,91–180,Web,/blog/b2b-website-conversion-checklist,Check live inventory; create if absent,Buyer guide,B2B Website Conversion Checklist for Qualified Enquiries,b2b website conversion,Editorial candidate; exact phrase metrics not supplied,,,,,,,,,"Answer the buyer question with examples, constraints and a relevant next step; parent: /web-design",Expert review; original examples; validate SERP and target-country demand,Requires stated scope/evidence/commercial gate,Standard: four buyer pieces/month; floor: two/month. Priority window subject to capacity and parent-page readiness.
P35,P3,91–180,Web,/blog/ecommerce-development-cost,Check live inventory; create if absent,Buyer guide,"eCommerce Website Cost: Features, Integrations and Support",ecommerce website development cost,Editorial candidate; exact phrase metrics not supplied,,,,,,,,,"Answer the buyer question with examples, constraints and a relevant next step; parent: /ecommerce-development",Expert review; original examples; validate SERP and target-country demand,Requires stated scope/evidence/commercial gate,Standard: four buyer pieces/month; floor: two/month. Priority window subject to capacity and parent-page readiness.
P36,P2,31–60,SEO,/blog/seo-cost-india,Check live inventory; create if absent,Buyer guide,"SEO Cost in India: Scope, Fees and What to Compare",seo cost; seo pricing india,Exact phrase observed in supplied competitor Organic export; US database (user confirmed),seo pricing india,110,0,rankingbyseo-semrush.csv,22,,,,"Answer the buyer question with examples, constraints and a relevant next step; parent: /seo-packages",Expert review; original examples; validate SERP and target-country demand,Requires stated scope/evidence/commercial gate,Standard: four buyer pieces/month; floor: two/month. Priority window subject to capacity and parent-page readiness.
P37,P2,61–90,SEO,/blog/how-long-does-seo-take,Check live inventory; create if absent,Buyer guide,How Long Does SEO Take? Milestones and Dependencies,how long does seo take,Editorial candidate; exact phrase metrics not supplied,,,,,,,,,"Answer the buyer question with examples, constraints and a relevant next step; parent: /seo-services",Expert review; original examples; validate SERP and target-country demand,Requires stated scope/evidence/commercial gate,Standard: four buyer pieces/month; floor: two/month. Priority window subject to capacity and parent-page readiness.
P38,P2,91–180,SEO,/blog/seo-audit-checklist,Check live inventory; create if absent,Buyer guide,SEO Audit Checklist for a Business Website,seo audit checklist,Editorial candidate; exact phrase metrics not supplied,,,,,,,,,"Answer the buyer question with examples, constraints and a relevant next step; parent: /technical-seo",Expert review; original examples; validate SERP and target-country demand,Requires stated scope/evidence/commercial gate,Standard: four buyer pieces/month; floor: two/month. Priority window subject to capacity and parent-page readiness.
P39,P2,91–180,SEO,/blog/choosing-an-seo-agency,Check live inventory; create if absent,Buyer guide,"How to Evaluate an SEO Agency: Scope, Evidence and Reporting",how to choose an seo agency,Editorial candidate; exact phrase metrics not supplied,,,,,,,,,"Answer the buyer question with examples, constraints and a relevant next step; parent: /seo-services",Expert review; original examples; validate SERP and target-country demand,Requires stated scope/evidence/commercial gate,Standard: four buyer pieces/month; floor: two/month. Priority window subject to capacity and parent-page readiness.
P40,P3,91–180,SEO,/blog/seo-for-small-business,Check live inventory; create if absent,Buyer guide,SEO for Small Businesses: Priorities Before Scaling Content,seo for small business,Editorial candidate; exact phrase metrics not supplied,,,,,,,,,"Answer the buyer question with examples, constraints and a relevant next step; parent: /seo-services",Expert review; original examples; validate SERP and target-country demand,Requires stated scope/evidence/commercial gate,Standard: four buyer pieces/month; floor: two/month. Priority window subject to capacity and parent-page readiness.
P41,P2,31–60,SEO,/blog/seo-vs-ppc,Check live inventory; create if absent,Buyer guide,"SEO vs PPC: Budget, Timeline and Lead Quality",seo vs ppc,Editorial candidate; exact phrase metrics not supplied,,,,,,,,,"Answer the buyer question with examples, constraints and a relevant next step; parent: /seo-services; /ppc-services",Expert review; original examples; validate SERP and target-country demand,Requires stated scope/evidence/commercial gate,Standard: four buyer pieces/month; floor: two/month. Priority window subject to capacity and parent-page readiness.
P42,P2,91–180,Paid Search,/blog/google-ads-management-cost,Check live inventory; create if absent,Buyer guide,Google Ads Management Cost: Fees vs Advertising Spend,google ads management cost,Editorial candidate; exact phrase metrics not supplied,,,,,,,,,"Answer the buyer question with examples, constraints and a relevant next step; parent: /ppc-management-pricing",Expert review; original examples; validate SERP and target-country demand,Requires stated scope/evidence/commercial gate,Standard: four buyer pieces/month; floor: two/month. Priority window subject to capacity and parent-page readiness.
P43,P2,91–180,Paid Search,/blog/ppc-audit-checklist,Check live inventory; create if absent,Buyer guide,"PPC Audit Checklist: Tracking, Search Terms and Landing Pages",ppc audit checklist,Editorial candidate; exact phrase metrics not supplied,,,,,,,,,"Answer the buyer question with examples, constraints and a relevant next step; parent: /ppc-services",Expert review; original examples; validate SERP and target-country demand,Requires stated scope/evidence/commercial gate,Standard: four buyer pieces/month; floor: two/month. Priority window subject to capacity and parent-page readiness.
P44,P3,91–180,Paid Search,/blog/google-ads-not-generating-leads,Check live inventory; create if absent,Buyer guide,Why Google Ads Generate Clicks but Few Qualified Leads,google ads not generating leads,Editorial candidate; exact phrase metrics not supplied,,,,,,,,,"Answer the buyer question with examples, constraints and a relevant next step; parent: /ppc-services",Expert review; original examples; validate SERP and target-country demand,Requires stated scope/evidence/commercial gate,Standard: four buyer pieces/month; floor: two/month. Priority window subject to capacity and parent-page readiness.
P45,P3,91–180,Paid Search,/blog/ppc-landing-page-checklist,Check live inventory; create if absent,Buyer guide,PPC Landing Page Checklist for Better Enquiries,ppc landing page best practices,Editorial candidate; exact phrase metrics not supplied,,,,,,,,,"Answer the buyer question with examples, constraints and a relevant next step; parent: /ppc-services; /web-design",Expert review; original examples; validate SERP and target-country demand,Requires stated scope/evidence/commercial gate,Standard: four buyer pieces/month; floor: two/month. Priority window subject to capacity and parent-page readiness.
P46,P3,91–180,Paid Search,/blog/sem-vs-seo-vs-ppc,Check live inventory; create if absent,Buyer guide,"SEM, SEO and PPC: What Each Service Includes",sem vs seo vs ppc,Editorial candidate; exact phrase metrics not supplied,,,,,,,,,"Answer the buyer question with examples, constraints and a relevant next step; parent: /ppc-services; /seo-services",Expert review; original examples; validate SERP and target-country demand,Requires stated scope/evidence/commercial gate,Standard: four buyer pieces/month; floor: two/month. Priority window subject to capacity and parent-page readiness.
P47,P3,91–180,Software,/blog/saas-development-cost,Check live inventory; create if absent,Buyer guide,SaaS Development Cost: Product Scope and Operating Costs,saas development cost,Exact phrase observed in supplied competitor Organic export; US database (user confirmed),saas development cost,210,15,scnsoft.com-semrush.csv,9,,,,"Answer the buyer question with examples, constraints and a relevant next step; parent: /saas-development",Expert review; original examples; validate SERP and target-country demand,Requires stated scope/evidence/commercial gate,Standard: four buyer pieces/month; floor: two/month. Priority window subject to capacity and parent-page readiness.
