Keyword,Position,Previous position,Search Volume,Keyword Difficulty,CPC,URL,Traffic,Traffic (%),Traffic Cost,Competition,Number of Results,Trends,Timestamp,SERP Features by Keyword,Keyword Intents,Position Type
hire matplotlib developers,51,51,40,10,0.00,https://netofficials.com/hire-python-developers,0,0,0.00,0.33,94,"0, 22, 55, 0, 11, 22, 55, 77, 55, 55, 100, 77",2026-09-22,"Sitelinks, Reviews, Video, People also ask, Related searches, AI overview","commercial, informational",Organic
topnetics company fractional cto developers startup topnetics,47,47,40,3,0.00,https://netofficials.com/,0,0,0.00,0,894,"0, 27, 100, 18",2026-09-30,"Reviews, Video, AI overview",informational,Organic
domain security services,77,77,50,37,0.00,https://netofficials.com/web-security-services,0,0,0.00,0.04,120,"22, 22, 22, 22, 22, 22, 44, 77, 55, 77, 100, 100",2026-09-21,"Reviews, Video, People also ask, Related searches, AI overview",informational,Organic
dedicated offshore developers,72,72,210,37,0.00,https://netofficials.com/dedicated-development-teams,0,0,0.00,0.07,105,"28, 53, 53, 34, 34, 53, 100, 65, 65, 81, 65, 65",2026-08-10,"Sitelinks, Reviews, Video, Ads bottom, People also ask, Related searches, AI overview",informational,Organic
ar vr application development services,72,72,140,15,0.00,https://netofficials.com/ar-vr-development,0,0,0.00,0.03,126,"33, 52, 66, 42, 66, 100, 66, 80, 66, 33, 80, 100",2026-08-27,"Sitelinks, Reviews, Video, People also ask, Related searches, AI overview",informational,Organic
healthcare software implementation,88,88,50,17,0.00,https://netofficials.com/healthcare-software-development,0,0,0.00,0.21,128,"22, 33, 77, 33, 22, 22, 77, 100, 100, 77, 55, 77",2026-09-02,"Sitelinks, Reviews, Video, People also ask, Related searches, AI overview",informational,Organic
vr development agency,79,79,70,12,41.01,https://netofficials.com/ar-vr-development,0,0,0.00,0.23,137,"14, 100, 78, 35, 35, 50, 28, 50, 21, 28, 35, 50",2026-09-21,"Sitelinks, Reviews, Video, People also ask, Related searches, AI overview",informational,Organic
vr development agency,81,81,70,12,41.01,https://netofficials.com/ar-vr-development,0,0,0.00,0.23,137,"14, 100, 78, 35, 35, 50, 28, 50, 21, 28, 35, 50",2026-09-21,"Sitelinks, Reviews, Video, People also ask, Related searches, AI overview",informational,Organic
react app development company,81,81,110,34,0.00,https://netofficials.com/react-development,0,0,0.00,0,83,"21, 81, 9, 53, 43, 43, 28, 21, 43, 28, 34, 28",2026-09-21,"Sitelinks, Reviews, Video, Ads bottom, People also ask, Related searches, AI overview",,Organic
reactjs web development services,84,84,320,29,0.00,https://netofficials.com/react-development,0,0,0.00,0.33,93,"66, 81, 100, 81, 100, 81, 54, 29, 54, 81, 66, 22",2026-09-17,"Sitelinks, Reviews, People also ask, Related searches, AI overview",informational,Organic
react.js development agency,92,92,40,16,8.21,https://netofficials.com/react-development,0,0,0.00,0.02,128,"11, 11, 5, 5, 11, 23, 11, 17, 17, 52, 52, 52",2026-09-26,"Sitelinks, Reviews, Video, People also ask, Related searches, AI overview",commercial,Organic
react development services,85,85,1300,28,59.93,https://netofficials.com/react-development,0,0,0.00,0.09,96,"52, 68, 68, 84, 100, 84, 84, 68, 84, 68, 68, 46",2026-09-16,"Sitelinks, Reviews, People also ask, Related searches, AI overview",informational,Organic
ar vr services,82,82,70,12,0.00,https://netofficials.com/ar-vr-development,0,0,0.00,0.33,120,"64, 41, 41, 23, 41, 29, 52, 52, 17, 17, 11, 23",2026-09-11,"Reviews, Video, Video Carousel, People also ask, Related searches, AI overview",informational,Organic
top custom vr simulation development companies,57,57,40,15,0.00,https://netofficials.com/ar-vr-development,0,0,0.00,0,124,"100, 80",2026-09-30,"Reviews, Video, People also ask, Related searches, AI overview",commercial,Organic
retail software development company,52,52,720,17,0.00,https://netofficials.com/retail-software-development,0,0,0.00,0.09,117,"59, 72, 72, 59, 48, 59, 100, 72, 100, 88, 88, 11",2026-09-23,"Reviews, Video, Ads bottom, People also ask, Related searches, AI overview",,Organic
retail software developers,82,82,260,20,0.00,https://netofficials.com/retail-software-development,0,0,0.00,0.25,122,"2, 29, 43, 54, 66, 81, 100, 100, 66, 18, 54, 22",2026-09-24,"Reviews, Video, People also ask, Related searches, AI overview",informational,Organic
react development company,70,70,1300,27,123.91,https://netofficials.com/react-development,0,0,0.00,0.12,126,"54, 54, 100, 54, 24, 66, 66, 30, 41, 41, 54, 24",2026-09-20,"Sitelinks, Reviews, Video, Ads bottom, People also ask, Related searches, AI overview",informational,Organic
outsource reactjs development services,99,99,50,5,0.00,https://netofficials.com/react-development,0,0,0.00,0.33,129,"22, 0, 44, 55, 44, 77, 100, 77, 55, 77, 44, 77",2026-09-12,"Sitelinks, Reviews, Video, People also ask, AI overview",informational,Organic
ar/vr development services,64,64,110,2,0.00,https://netofficials.com/ar-vr-development,0,0,0.00,0.03,119,"15, 34, 28, 21, 43, 34, 34, 28, 21, 21, 43, 65",2026-08-25,"Sitelinks, Reviews, Video, People also ask, Related searches, AI overview",informational,Organic
best virtual reality agencies for remote inspection,73,73,40,10,0.00,https://netofficials.com/ar-vr-development,0,0,0.00,0,65100000,"33, 100, 22, 0",2026-08-26,"Reviews, Video, People also ask, AI overview",commercial,Organic
react js software development agency,93,93,50,17,0.00,https://netofficials.com/react-development,0,0,0.00,0.33,162,"14, 42, 57, 71, 71, 57, 71, 100, 71, 71, 71, 100",2026-09-09,"Local pack, Sitelinks, Reviews, Video, People also ask, Related searches, AI overview",informational,Organic
hire python contractor,53,53,50,20,0.00,https://netofficials.com/hire-python-developers,0,0,0.00,0.33,119,"28, 28, 42, 28, 28, 28, 71, 100, 100, 100, 100, 100",2026-09-09,"Reviews, Video, People also ask, AI overview",commercial,Organic
retail software development,82,82,1000,13,11.37,https://netofficials.com/retail-software-development,0,0,0.00,0.07,121,"45, 67, 100, 100, 67, 67, 76, 100, 100, 100, 100, 100",2026-08-24,"Sitelinks, Reviews, Video, People also ask, Related searches, AI overview",informational,Organic
react consultancy,85,85,40,2,0.00,https://netofficials.com/react-development,0,0,0.00,0.33,136,"9, 23, 33, 23, 23, 52, 14, 9, 9, 9, 9, 14",2026-08-31,"Reviews, Video, People also ask, AI overview",informational,Organic
dedicated offshore development,72,72,40,32,0.00,https://netofficials.com/dedicated-development-teams,0,0,0.00,0.33,106,"22, 33, 77, 33, 11, 22, 55, 100, 33, 55, 44, 44",2026-08-25,"Sitelinks, Reviews, Video, People also ask, AI overview",informational,Organic
vr software development services,88,75,140,32,0.00,https://netofficials.com/ar-vr-development,0,0,0.00,0.02,97,"42, 66, 66, 100, 80, 80, 66, 66, 52, 52, 52, 52",2026-10-02,"Local pack, Sitelinks, Reviews, Video, People also ask, Related searches, AI overview",commercial,Organic
outsource react development services,89,89,70,0,0.00,https://netofficials.com/react-development,0,0,0.00,0.33,137,"18, 18, 18, 100, 36, 45, 81, 27, 63, 100, 100, 63",2026-08-18,"Sitelinks, Reviews, Video, AI overview",informational,Organic
outsource react development services,90,90,70,0,0.00,https://netofficials.com/react-development,0,0,0.00,0.33,137,"18, 18, 18, 100, 36, 45, 81, 27, 63, 100, 100, 63",2026-08-18,"Sitelinks, Reviews, Video, AI overview",informational,Organic
react web development company,82,82,210,40,0.00,https://netofficials.com/react-development,0,0,0.00,0.01,141,"43, 66, 100, 53, 35, 28, 53, 66, 43, 82, 66, 66",2026-08-20,"Sitelinks, Reviews, Video, Ads top, Ads bottom, People also ask, Related searches, AI overview",informational,Organic
build retail software,81,81,110,17,0.00,https://netofficials.com/retail-software-development,0,0,0.00,0,90,"64, 11, 100, 100, 29, 64, 29, 82, 82, 64, 100, 64",2026-09-22,"Reviews, Video, Video Carousel, People also ask, Related searches, Discussions and forums, AI overview",informational,Organic
virtual reality development agency,80,80,50,14,0.00,https://netofficials.com/ar-vr-development,0,0,0.00,0.33,155,"0, 0, 100, 100, 71, 100, 57, 71, 71, 71, 57, 57",2026-08-19,"Sitelinks, Reviews, Video, People also ask, Related searches, AI overview",informational,Organic
outsourcing react development services,88,88,40,1,0.00,https://netofficials.com/react-development,0,0,0.00,0.33,137,"18, 18, 18, 100, 27, 27, 27, 18, 18, 36, 45, 45",2026-08-16,"Sitelinks, Reviews, Video, Ads bottom, AI overview",informational,Organic
react application development services,90,90,70,18,6.28,https://netofficials.com/react-development,0,0,0.00,0.25,134,"18, 81, 45, 100, 100, 81, 63, 9, 63, 36, 45, 63",2026-08-20,"Sitelinks, Reviews, Video, People also ask, Related searches, AI overview","commercial, informational",Organic
custom medical software,89,89,320,23,0.00,https://netofficials.com/healthcare-software-development,0,0,0.00,0.33,128,"66, 66, 100, 54, 43, 66, 66, 54, 81, 54, 81, 22",2026-09-23,"Reviews, Video, Ads top, Ads bottom, People also ask, Related searches, AI overview",,Organic
mixed reality development services,78,78,70,18,0.00,https://netofficials.com/ar-vr-development,0,0,0.00,0.33,133,"42, 34, 34, 26, 7, 7, 7, 11, 19, 11, 42, 100",2026-08-07,"Reviews, Video, Related searches, AI overview",informational,Organic
virtual reality app development services,92,92,170,29,0.00,https://netofficials.com/ar-vr-development,0,0,0.00,0.33,131,"80, 65, 42, 34, 42, 53, 65, 53, 53, 100, 80, 42",2026-09-20,"Sitelinks, Reviews, Video, Video Carousel, People also ask, Related searches, AI overview",informational,Organic
custom enterprise software,66,66,720,11,0.00,https://netofficials.com/custom-software-development,0,0,0.00,0.03,118,"54, 100, 100, 81, 100, 81, 81, 81, 67, 81, 67, 54",2026-08-11,"Sitelinks, Reviews, Video, People also ask, Related searches, AI overview",informational,Organic
expressjs development services,76,76,40,4,0.00,https://netofficials.com/express-js-development,0,0,0.00,0.33,96,"14, 64, 64, 35, 14, 14, 28, 35, 14, 14, 14, 21",2026-08-15,"Sitelinks, Reviews, People also ask, AI overview",informational,Organic
website security company,54,54,40,28,23.19,https://netofficials.com/web-security-services,0,0,0.00,0.36,2010,"17, 29, 29, 23, 29, 29, 17, 29, 5, 11, 11, 23",2026-08-28,"Sitelinks, Reviews, Video, People also ask, Related searches, AI overview",informational,Organic
react js development firm,92,92,140,19,4.54,https://netofficials.com/react-development,0,0,0.00,0.08,138,"4, 52, 66, 80, 80, 80, 80, 100, 66, 80, 52, 52",2026-09-09,"Sitelinks, Reviews, Video, People also ask, Related searches, AI overview",informational,Organic
custom android app development company,51,51,590,44,0.00,https://netofficials.com/android-development,0,0,0.00,0.02,127,"12, 81, 100, 81, 67, 54, 81, 100, 67, 54, 54, 67",2026-08-12,"Local pack, Sitelinks, Reviews, Video, People also ask, Related searches, AI overview",commercial,Organic
vr application development services,85,85,40,36,0.00,https://netofficials.com/ar-vr-development,0,0,0.00,0.08,128,"100, 42, 14, 0, 14, 28, 100, 71, 57, 100, 100, 71",2026-10-01,"Knowledge panel, Reviews, Video, People also ask, Related searches, AI overview",informational,Organic
healthcare custom software development company hipaa compliant,76,76,50,12,0.00,https://netofficials.com/healthcare-software-development,0,0,0.00,0,88,"64, 100, 14, 64, 14, 21, 14",2026-09-20,"Sitelinks, Reviews, Related searches, AI overview",informational,Organic
custom react js development,81,81,40,19,0.00,https://netofficials.com/react-development,0,0,0.00,0.01,126,"28, 28, 57, 71, 100, 57, 71, 71, 57, 57, 28, 28",2026-08-16,"Sitelinks, Reviews, Video, Video Carousel, People also ask, Related searches, AI overview",informational,Organic
vr development service,75,75,50,20,0.00,https://netofficials.com/ar-vr-development,0,0,0.00,0.01,129,"45, 45, 100, 81, 45, 27, 45, 45, 45, 36, 36, 45",2026-08-20,"Reviews, Video, Ads top, Ads bottom, People also ask, Related searches, AI overview",informational,Organic
real estate portal development,32,32,50,1,0.00,https://netofficials.com/real-estate-software-development,0,0,0.00,0.33,119,"50, 50, 28, 7, 14, 21, 14, 14, 14, 50, 64, 78",2026-09-18,"Reviews, Video, People also ask, Related searches, AI overview",informational,Organic
ar vr development services,66,66,140,18,0.00,https://netofficials.com/ar-vr-development,0,0,0.00,0.03,121,"33, 66, 52, 42, 80, 100, 66, 66, 52, 42, 66, 100",2026-08-28,"Sitelinks, Reviews, Video, People also ask, Related searches, AI overview",informational,Organic
ar vr agency,76,76,140,28,0.00,https://netofficials.com/ar-vr-development,0,0,0.00,0.33,165,"34, 53, 53, 43, 43, 100, 34, 43, 34, 15, 15, 12",2026-08-19,"Reviews, Video, People also ask, Related searches, AI overview",informational,Organic
react software development services,88,88,210,25,0.00,https://netofficials.com/react-development,0,0,0.00,0.07,136,"34, 81, 81, 65, 81, 81, 81, 65, 100, 65, 65, 65",2026-08-09,"Sitelinks, Reviews, Video, People also ask, Related searches, AI overview",informational,Organic
react software development services,90,90,210,25,0.00,https://netofficials.com/react-development,0,0,0.00,0.07,136,"34, 81, 81, 65, 81, 81, 81, 65, 100, 65, 65, 65",2026-08-09,"Sitelinks, Reviews, Video, People also ask, Related searches, AI overview",informational,Organic
virtual reality app development company,69,69,210,28,0.00,https://netofficials.com/ar-vr-development,0,0,0.00,0.33,133,"9, 9, 100, 81, 53, 65, 81, 100, 65, 100, 65, 65",2026-08-10,"Sitelinks, Reviews, Video, People also ask, Related searches, AI overview",informational,Organic
react js development service,94,94,260,31,24.41,https://netofficials.com/react-development,0,0,0.00,0.12,134,"22, 66, 66, 54, 66, 43, 35, 29, 66, 66, 100, 54",2026-08-13,"Sitelinks, Reviews, Video, People also ask, Related searches, AI overview",informational,Organic
hire offshore dedicated development team,74,74,40,28,0.00,https://netofficials.com/dedicated-development-teams,0,0,0.00,0,110,"18, 18, 9, 100, 27, 27, 27, 36, 81, 45, 36, 45",2026-09-09,"Sitelinks, Reviews, Video, Related searches, AI overview",informational,Organic
retail software development services,78,78,1000,19,19.51,https://netofficials.com/retail-software-development,0,0,0.00,0.1,119,"20, 62, 62, 62, 55, 81, 62, 100, 81, 55, 81, 100",2026-09-06,"Reviews, Video, People also ask, Related searches, AI overview",informational,Organic
react app development agency,75,75,90,8,0.00,https://netofficials.com/react-development,0,0,0.00,0.33,159,"50, 100, 100, 50, 64, 35, 64, 50, 35, 64, 50, 78",2026-08-19,"Sitelinks, Reviews, Video, People also ask, AI overview",informational,Organic
react development agency,90,90,480,9,0.00,https://netofficials.com/react-development,0,0,0.00,0.04,161,"36, 81, 100, 81, 66, 54, 81, 66, 66, 81, 81, 81",2026-08-16,"Sitelinks, Reviews, Video, People also ask, AI overview",informational,Organic
best virtual reality agencies for teleoperation,86,86,40,18,0.00,https://netofficials.com/ar-vr-development,0,0,0.00,0,303000,"44, 100, 22, 0",2026-08-26,"Reviews, Video, People also ask, Related searches, AI overview","commercial, informational",Organic
healthcare software development,92,92,3600,26,27.96,https://netofficials.com/healthcare-software-development,0,0,0.00,0.21,123,"54, 36, 54, 54, 54, 54, 54, 66, 66, 100, 15, 15",2026-09-27,"Local pack, Sitelinks, Reviews, Video, Ads bottom, People also ask, Related searches, AI overview",informational,Organic
custom react js development services,92,92,390,25,0.00,https://netofficials.com/react-development,0,0,0.00,0.01,94,"54, 44, 36, 44, 81, 100, 54, 81, 66, 66, 15, 15",2026-09-29,"Local pack, Sitelinks, Reviews, Video, People also ask, Related searches, AI overview",informational,Organic
ar vr app development services,81,81,320,25,0.00,https://netofficials.com/ar-vr-development,0,0,0.00,0.33,129,"35, 82, 66, 100, 82, 100, 82, 82, 82, 53, 66, 82",2026-08-19,"Sitelinks, Reviews, Video, People also ask, Related searches, AI overview",informational,Organic
software development for retail,91,91,110,17,11.37,https://netofficials.com/retail-software-development,0,0,0.00,0.07,142,"11, 5, 100, 100, 64, 82, 100, 100, 82, 64, 17, 100",2026-08-20,"Sitelinks, Reviews, Video, People also ask, Related searches, AI overview",informational,Organic
top companies building custom vr training simulations,70,70,50,4,0.00,https://netofficials.com/ar-vr-development,0,0,0.00,0,128,"100, 80",2026-10-01,"Sitelinks, Reviews, Video, People also ask, Related searches, AI overview","commercial, informational",Organic
react development companies,77,77,140,14,69.69,https://netofficials.com/react-development,0,0,0.00,0.07,128,"2, 23, 23, 29, 12, 23, 15, 12, 15, 15, 12, 19",2026-08-07,"Reviews, Video, People also ask, Related searches, AI overview","commercial, informational",Organic
react consultants,93,93,90,2,17.88,https://netofficials.com/react-development,0,0,0.00,0.07,135,"64, 64, 64, 64, 100, 52, 64, 41, 41, 52, 29, 23",2026-09-22,"Reviews, Video, People also ask, Related searches, AI overview",informational,Organic
offshore dedicated development team,65,65,260,28,0.00,https://netofficials.com/dedicated-development-teams,0,0,0.00,0.16,92,"23, 100, 66, 23, 28, 82, 100, 66, 66, 82, 82, 28",2026-09-11,"Sitelinks, Reviews, Video, People also ask, Discussions and forums, AI overview","commercial, informational",Organic
react development service,96,96,320,24,16.50,https://netofficials.com/react-development,0,0,0.00,0.14,105,"66, 54, 66, 54, 43, 66, 100, 81, 81, 66, 43, 54",2026-09-30,"Reviews, Video, Ads bottom, People also ask, Related searches, AI overview",informational,Organic
custom healthcare software services,97,97,40,27,0.00,https://netofficials.com/healthcare-software-development,0,0,0.00,0,138,"22, 22, 22, 22, 100, 55, 44, 55, 55, 55, 44, 55",2026-09-08,"Sitelinks, Reviews, Video, People also ask, Related searches, AI overview",informational,Organic
end-to-end devops services,72,72,90,34,0.00,https://netofficials.com/devops-services,0,0,0.00,0.33,126,"52, 52, 100, 42, 52, 52, 42, 52, 52, 42, 19, 9",2026-09-29,"Video, Video Carousel, People also ask, Related searches, AI overview",informational,Organic
retail software development solutions,80,0,110,29,0.00,https://netofficials.com/retail-software-development,0,0,0.00,0.86,117,"5, 64, 52, 52, 64, 82, 82, 52, 52, 100, 64, 64",2026-10-02,"Reviews, Video, People also ask, Related searches, AI overview",informational,Organic
iphone development services,74,74,260,31,0.00,https://netofficials.com/ios-development,0,0,0.00,0.33,135,"35, 35, 43, 43, 81, 66, 100, 100, 66, 66, 54, 22",2026-09-16,"Local pack, Sitelinks, Reviews, Video, People also ask, Related searches, Discussions and forums, AI overview",informational,Organic
retail software development service,81,81,170,19,19.51,https://netofficials.com/retail-software-development,0,0,0.00,0.1,127,"19, 53, 65, 100, 34, 80, 65, 100, 80, 80, 80, 100",2026-08-13,"Reviews, Video, Ads top, Ads bottom, People also ask, Related searches, AI overview",informational,Organic
custom software development for enterprise organizations,76,76,90,13,0.00,https://netofficials.com/custom-software-development,0,0,0.00,0.33,123,"18, 100, 100, 81, 81, 81, 81, 81, 81, 63, 81, 81",2026-08-25,"Reviews, Video, People also ask, Related searches, AI overview",informational,Organic
hire offshore dedicated software development team,79,79,140,8,148.43,https://netofficials.com/dedicated-development-teams,0,0,0.00,0.15,111,"9, 21, 53, 21, 21, 43, 100, 65, 28, 53, 43, 34",2026-09-22,"Reviews, Video, Related searches, AI overview","commercial, informational",Organic
matutinalcreate.xyz industry services saas b2b,28,28,1300,17,0.00,https://netofficials.com/saas-development,0,0,0.00,0,13100,"0, 0, 44, 100",2026-08-24,"Reviews, Video, People also ask, Related searches, AI overview",informational,Organic
virtual reality development platforms,59,59,40,28,0.00,https://netofficials.com/ar-vr-development,0,0,0.00,0.33,123,"18, 18, 100, 100, 18, 18, 18, 18, 18, 18, 18, 18",2026-08-25,"Sitelinks, Reviews, Video, Video Carousel, People also ask, Related searches, AI overview",informational,Organic
custom ehr development company,76,76,50,17,0.00,https://netofficials.com/healthcare-software-development,0,0,0.00,0,123,"0, 0, 22, 77, 100, 100",2026-09-21,"Sitelinks, Reviews, Video, People also ask, Related searches, AI overview",informational,Organic
react development company services,89,89,70,27,69.69,https://netofficials.com/react-development,0,0,0.00,0.07,140,"0, 63, 63, 81, 100, 100, 45, 36, 45, 45, 45, 81",2026-09-05,"Local pack, Sitelinks, Reviews, Video, People also ask, Related searches, AI overview",informational,Organic
react development company services,91,91,70,27,69.69,https://netofficials.com/react-development,0,0,0.00,0.07,140,"0, 63, 63, 81, 100, 100, 45, 36, 45, 45, 45, 81",2026-09-05,"Local pack, Sitelinks, Reviews, Video, People also ask, Related searches, AI overview",informational,Organic
react development chicago,84,84,40,12,0.00,https://netofficials.com/react-development,0,0,0.00,0,134,"0, 22, 22, 22, 55, 55, 44, 100, 77, 55, 55, 33",2026-08-17,"Local pack, Reviews, Video, People also ask, Related searches, AI overview",commercial,Organic
net analytics,68,68,320,37,0.00,https://netofficials.com/index.html,0,0,0.00,0.33,109,"100, 1, 1, 0, 0, 0, 0, 0, 0, 0, 0, 0",2026-08-21,"Knowledge panel, Sitelinks, Reviews, Video, Related searches, AI overview",navigational,Organic
offshore software dedicated team,70,70,40,20,0.00,https://netofficials.com/dedicated-development-teams,0,0,0.00,0,164,"18, 27, 27, 100, 18, 18, 36, 36, 36, 63, 45, 45",2026-08-18,"Sitelinks, Reviews, Video, People also ask, Related searches, Discussions and forums, AI overview",commercial,Organic
augmented reality development services,83,83,260,16,0.00,https://netofficials.com/ar-vr-development,0,0,0.00,0.33,126,"29, 66, 54, 54, 54, 81, 35, 54, 35, 43, 81, 100",2026-08-31,"Sitelinks, Reviews, Video, People also ask, Related searches, AI overview",informational,Organic
virtual reality development services,66,66,260,25,25.53,https://netofficials.com/ar-vr-development,0,0,0.00,0.07,123,"43, 100, 66, 35, 14, 54, 29, 54, 43, 66, 43, 54",2026-08-17,"Reviews, Video, People also ask, Related searches, AI overview",informational,Organic
custom healthcare software,76,76,590,24,32.48,https://netofficials.com/healthcare-software-development,0,0,0.00,0.09,116,"26, 59, 59, 39, 72, 72, 72, 100, 59, 59, 48, 72",2026-08-14,"Reviews, Video, People also ask, Related searches, AI overview",informational,Organic
custom enterprise software development services,72,72,720,20,48.79,https://netofficials.com/custom-software-development,0,0,0.00,0.06,118,"32, 72, 88, 72, 72, 88, 72, 100, 72, 100, 88, 88",2026-08-11,"Reviews, Video, Ads top, Ads bottom, Related searches, AI overview",informational,Organic
iphone apps development services,92,92,170,37,0.00,https://netofficials.com/ios-development,0,0,0.00,0.01,136,"3, 11, 80, 65, 65, 65, 80, 100, 100, 80, 65, 80",2026-08-25,"Sitelinks, Reviews, Video, People also ask, Related searches, AI overview",informational,Organic
reactjs development agency,99,99,170,17,0.00,https://netofficials.com/react-development,0,0,0.00,0.04,164,"28, 65, 53, 53, 65, 100, 65, 43, 43, 34, 43, 34",2026-08-10,"Local pack, Sitelinks, Reviews, Video, AI overview",informational,Organic
ar vr developers,69,69,30,32,7.36,https://netofficials.com/ar-vr-development,0,0,0.00,0.24,125,"22, 33, 33, 22, 22, 44, 44, 55, 33, 22, 22, 22",2026-09-13,"Reviews, Video, People also ask, AI overview",informational,Organic
ar vr developers,70,70,30,32,7.36,https://netofficials.com/ar-vr-development,0,0,0.00,0.24,125,"22, 33, 33, 22, 22, 44, 44, 55, 33, 22, 22, 22",2026-09-13,"Reviews, Video, People also ask, AI overview",informational,Organic
custom healthcare software solutions,82,82,720,25,0.00,https://netofficials.com/healthcare-software-development,0,0,0.00,0.33,120,"7, 81, 81, 81, 81, 100, 81, 100, 81, 100, 81, 100",2026-08-17,"Sitelinks, Reviews, Video, People also ask, Related searches, AI overview",informational,Organic
anton systems real estate developer software features,65,65,40,0,0.00,https://netofficials.com/real-estate-software-development,0,0,0.00,0,108,"100, 80",2026-09-19,"Sitelinks, Reviews, People also ask, Related searches, AI overview","navigational, transactional",Organic
vr app development company,65,65,210,26,0.00,https://netofficials.com/ar-vr-development,0,0,0.00,0.02,129,"23, 17, 82, 53, 28, 35, 53, 66, 66, 66, 100, 43",2026-08-10,"Sitelinks, Reviews, Video, People also ask, Related searches, AI overview",informational,Organic
custom react js app development services,89,89,40,22,0.00,https://netofficials.com/react-development,0,0,0.00,0.29,94,"100, 100, 71, 42, 42, 57, 57, 42, 42, 42, 42, 42",2026-09-21,"Sitelinks, Reviews, Video, People also ask, Related searches, AI overview",informational,Organic
custom software for medical devices,91,91,140,18,0.00,https://netofficials.com/healthcare-software-development,0,0,0.00,0,137,"11, 41, 52, 64, 100, 82, 100, 100, 100, 82, 82, 100",2026-08-25,"Reviews, Video, People also ask, Related searches, AI overview",informational,Organic
vr app development companies,65,65,40,26,0.00,https://netofficials.com/ar-vr-development,0,0,0.00,0.02,130,"33, 22, 100, 55, 55, 33, 44, 33, 33, 44, 33, 55",2026-08-18,"Sitelinks, Reviews, Video, Ads bottom, People also ask, Related searches, AI overview",informational,Organic
custom software development for enterprises,81,81,170,12,0.00,https://netofficials.com/custom-software-development,0,0,0.00,0.03,119,"66, 80, 100, 80, 80, 80, 80, 66, 80, 66, 100, 52",2026-09-22,"Sitelinks, Reviews, Video, People also ask, AI overview",commercial,Organic
extended reality development services,80,80,90,6,0.00,https://netofficials.com/ar-vr-development,0,0,0.00,0.33,130,"23, 52, 100, 64, 29, 41, 64, 52, 52, 29, 29, 29",2026-08-14,"Reviews, Video, People also ask, AI overview",informational,Organic
custom retail software development company,83,83,50,14,0.00,https://netofficials.com/retail-software-development,0,0,0.00,0,125,"9, 36, 27, 9, 0, 18, 45, 63, 63, 63, 45, 100",2026-08-16,"Reviews, Video, People also ask, Related searches, AI overview",informational,Organic
dedicated offshore development team,65,65,140,30,0.00,https://netofficials.com/dedicated-development-teams,0,0,0.00,0.33,135,"9, 33, 80, 42, 100, 42, 80, 80, 66, 66, 66, 66",2026-08-24,"Sitelinks, Reviews, Video, People also ask, Related searches, AI overview",informational,Organic
react app development services,91,91,110,37,0.00,https://netofficials.com/react-development,0,0,0.00,0.06,137,"52, 42, 33, 66, 66, 66, 80, 33, 66, 52, 52, 42",2026-08-20,"Sitelinks, Reviews, Video, People also ask, Related searches, AI overview",informational,Organic
hire offshore development team,77,77,320,21,0.00,https://netofficials.com/dedicated-development-teams,0,0,0.00,0.09,108,"11, 81, 81, 66, 35, 35, 44, 100, 15, 66, 54, 54",2026-08-26,"Sitelinks, Reviews, Video, Ads top, Ads bottom, People also ask, Related searches, AI overview",informational,Organic
best virtual reality agencies for supply chain,95,95,40,12,0.00,https://netofficials.com/ar-vr-development,0,0,0.00,0,120000000,"18, 27, 100, 18, 9",2026-09-01,"Reviews, Video, Video Carousel, People also ask, AI overview","commercial, informational",Organic
react web development agency,82,82,30,20,7.34,https://netofficials.com/react-development,0,0,0.00,0.12,150,"0, 100, 100, 42, 14, 28, 28, 57, 28, 28, 28, 42",2026-08-19,"Reviews, Video, Ads top, Ads bottom, People also ask, Related searches, AI overview",commercial,Organic
website security services,51,51,590,35,11.80,https://netofficials.com/web-security-services,0,0,0.00,0.05,128,"59, 39, 72, 59, 59, 88, 72, 21, 59, 72, 100, 59",2026-09-06,"Sitelinks, Reviews, Video, People also ask, AI overview",informational,Organic
retail software development companies,69,69,320,21,0.00,https://netofficials.com/retail-software-development,0,0,0.00,0.09,112,"9, 14, 100, 21, 32, 26, 48, 32, 48, 32, 26, 11",2026-09-14,"Local pack, Reviews, Video, People also ask, Related searches, AI overview",informational,Organic
custom software for healthcare,74,74,50,29,0.00,https://netofficials.com/healthcare-software-development,0,0,0.00,0,125,"11, 11, 0, 22, 22, 55, 77, 77, 77, 77, 55, 100",2026-09-21,"Sitelinks, Reviews, Video, People also ask, Related searches, AI overview",informational,Organic
web security services,64,64,320,32,17.29,https://netofficials.com/web-security-services,0,0,0.00,0.23,129,"3, 7, 4, 100, 5, 7, 7, 3, 20, 7, 4, 2",2026-10-02,"Sitelinks, Reviews, Video, Ads bottom, People also ask, Related searches, AI overview",informational,Organic
custom software development for enterprise,99,99,260,23,0.00,https://netofficials.com/custom-software-development,0,0,0.00,0.33,119,"7, 53, 66, 82, 66, 82, 82, 66, 53, 100, 82, 66",2026-08-11,"Reviews, Video, People also ask, Related searches, AI overview",informational,Organic
custom react development services,86,86,210,26,0.00,https://netofficials.com/react-development,0,0,0.00,0.2,89,"53, 53, 28, 35, 35, 82, 100, 43, 43, 53, 35, 28",2026-09-22,"Sitelinks, Reviews, Video, Ads bottom, People also ask, Related searches, AI overview",informational,Organic
dedicated offshore teams,65,65,110,30,0.00,https://netofficials.com/dedicated-development-teams,0,0,0.00,0.03,112,"66, 80, 42, 33, 23, 66, 100, 52, 66, 52, 52, 52",2026-09-22,"Reviews, Video, People also ask, Related searches, Discussions and forums, AI overview",informational,Organic
offshore dedicated developers,73,73,70,10,0.00,https://netofficials.com/dedicated-development-teams,0,0,0.00,0.07,124,"11, 41, 100, 64, 23, 23, 17, 23, 29, 52, 41, 64",2026-08-21,"Sitelinks, Reviews, Video, People also ask, Discussions and forums, AI overview",informational,Organic
augmented reality development agencies,75,75,70,25,0.00,https://netofficials.com/ar-vr-development,0,0,0.00,0.33,159,"21, 50, 78, 64, 64, 100, 50, 35, 14, 35, 35, 35",2026-08-19,"Sitelinks, Reviews, Video, People also ask, Related searches, AI overview",informational,Organic
custom ios app development service,99,99,50,11,0.00,https://netofficials.com/ios-development,0,0,0.00,0,135,"0, 100, 100, 71, 57, 57, 100, 100, 71, 100, 71, 71",2026-08-25,"Sitelinks, Reviews, Video, Related searches, AI overview","commercial, informational",Organic
custom android mobile app development company,63,63,50,36,0.00,https://netofficials.com/android-development,0,0,0.00,0.33,127,"22, 55, 77, 44, 55, 22, 55, 100, 44, 77, 44, 55",2026-09-06,"Sitelinks, Reviews, Video, People also ask, Related searches, AI overview",informational,Organic
virtual reality software development company,73,73,70,28,0.00,https://netofficials.com/ar-vr-development,0,0,0.00,0.01,126,"17, 11, 41, 41, 29, 23, 82, 82, 17, 41, 17, 100",2026-09-05,"Reviews, Video, People also ask, Related searches, AI overview","commercial, informational",Organic
custom+software+development+for+enterprise,71,71,50,19,0.00,https://netofficials.com/custom-software-development,0,0,0.00,0.33,154,"34, 6, 12, 100, 6, 3, 9, 6, 0, 0, 0, 0",2026-08-07,"Reviews, Video, Related searches, AI overview",informational,Organic
